Linked_Row_IDs,Type,Label,Source_Doc
#VALUE!,,,
,,,
,,,
,,,
,,,
,,,
,,,
,,,
,,,
,,,
,,,
,,,
,,,
,,,
,,,
,,,
,,,
,,,
,,,
,,,
,,,
,,,
,,,
,,,
,,,
,,,
,,,
,,,
,,,
,,,
,,,
,,,
,,,
,,,
,,,
,,,
,,,
,,,
,,,
,,,
,,,
,,,
,,,
,,,
,,,
,,,
,,,
,,,
,,,
,,,
,,,
,,,
,,,
,,,
,,,
,,,
,,,
,,,
,,,
,,,
,,,
,,,
,,,
,,,
,,,
,,,
,,,
,,,
,,,
,,,
,,,
,,,
,,,
,,,
,,,
,,,
,,,
,,,
,,,
,,,
,,,
,,,
,,,
,,,
,,,
,,,
,,,
,,,
,,,
,,,
,,,
,,,
,,,
,,,
,,,
,,,
,,,
,,,
,,,
,,,
,,,
,,,
,,,
,,,
,,,
,,,
,,,
,,,
,,,
,,,
,,,
,,,
,,,
,,,
,,,
,,,
,,,
,,,
,,,
,,,
,,,
,,,
,,,
,,,
,,,
,,,
,,,
,,,
,,,
,,,
,,,
,,,
,,,
,,,
,,,
,,,
,,,
,,,
,,,
,,,
,,,
,,,
,,,
,,,
,,,
JHU-TAX-007,Property Tax,Tax bill,https://drive.google.com/file/d/1Nqbcn3uLKjdjzBGymTI0XOw6Aa-KGPGX/view
JHU-TAX-007,Property Tax,PromisePay plan,https://drive.google.com/file/d/1SFkPFNmwwdxAX3XS4FesC0Uf0Ee4Ok_z/view
SLP-LIC-010,Rental License,View file 1,https://drive.google.com/file/d/1chVaADX_tEXuo-ZSTwRkeEJyqs5B2aik/view
SLP-LIC-010,Rental License,View file 2,https://drive.google.com/file/d/110oUD-upgm_V7-vGe75bANvHWmbJKq0G/view
SLP-LIC-013,Rental License,View file 1,https://drive.google.com/file/d/1ggsf38q96IPHQMteRqTauXLr8IQIyi_o/view
SLP-LIC-013,Rental License,View file 2,https://drive.google.com/file/d/1yVFba6LNZQqRjJ75FoJrus63Wcu92J3V/view
CSC-RA-14,Registered Agent,View file 1,https://drive.google.com/file/d/1Gurx02Se7_E3qB7DdSLCRecanTSvSvPE/view
CSC-RA-14,Registered Agent,View file 2,https://drive.google.com/file/d/1874963qfF3K6AQofNr7zu_ot60S7jv6o/view