Row_ID,Portfolio,Property_Address,Unit,LLC_Entity,Category,Due_Date,Health,Source_Status,Billed_Amount,Responsible,Notes,Status,Cleared_At,Source_Doc,Action_URL
JHU-LLC-001,JHU,Entity-level,,"Guilford GP, LLC",LLC Filing,04/15/2026,Reinstatement Required,Forfeited — SDAT,,"Dallas Basha
Partner – Business Operations
dallas@blakeworth.com
+1 (202) 375-0652","• Not in CSC Corp Tracker
• Forfeited on SDAT
• Reinstatement required
• Dept ID W23302540.",Reinstatement Required,7/14/2026,https://drive.google.com/file/d/1-IBku8aHHm7WZyjUX0HpCaSrua7ftXdm/view,
JHU-LLC-002,JHU,Entity-level,,"Woodrow Apartments, LLC",LLC Filing,04/15/2026,Good Standing,CSC portal — Active as of 07/12/2026,$0.00,"Dallas Basha
Partner – Business Operations
dallas@blakeworth.com
+1 (202) 375-0652","• CSC portal — Active as of 07/12/2026
• 2026 AR filed 06/23/2026
• Dept ID W25002825.",Filed 2026 — Current,7/14/2026,https://drive.google.com/file/d/1h0Ir9IBexVg9jAcQwcxgFSN7Wr0LN2zB/view,
JHU-LLC-003,JHU,Entity-level,,"Calvert St, LLC",LLC Filing,04/15/2026,Good Standing,CSC portal — Active as of 07/12/2026,$0.00,"Dallas Basha
Partner – Business Operations
dallas@blakeworth.com
+1 (202) 375-0652","• CSC portal — Active as of 07/12/2026
• Dept ID W22838031.",Filed 2026 — Current,7/14/2026,https://drive.google.com/file/d/1-IBku8aHHm7WZyjUX0HpCaSrua7ftXdm/view,
JHU-LLC-004,JHU,Entity-level,,"3119 N Calvert, LLC",LLC Filing,04/15/2026,Good Standing,CSC portal — Active as of 07/12/2026,$0.00,"Dallas Basha
Partner – Business Operations
dallas@blakeworth.com
+1 (202) 375-0652","• CSC portal — Active as of 07/12/2026
• 2025 AR filed 09/15/2025
• Dept ID W25002841.",Filed 2026 — Current,7/14/2026,https://drive.google.com/file/d/1uj_B5iYSOnuqgpmKeqKBhUzEPkUFMT_e/view,
JHU-LLC-005,JHU,Entity-level,,"University Pkwy, LLC",LLC Filing,04/15/2026,Good Standing,CSC portal — Active as of 07/12/2026,$0.00,"Dallas Basha
Partner – Business Operations
dallas@blakeworth.com
+1 (202) 375-0652","• CSC portal — Active as of 07/12/2026
• 2025 AR filed 09/15/2025
• Dept ID W24982449.",Filed 2026 — Current,7/14/2026,https://drive.google.com/file/d/1Ib74lz4DmsbHz6c_ieNZyXyZX4TdvKCO/view,
JHU-LLC-006,JHU,Entity-level,,"Woodrow GP, LLC",LLC Filing,04/15/2026,Good Standing,CSC portal — Active as of 07/12/2026,$0.00,"Dallas Basha
Partner – Business Operations
dallas@blakeworth.com
+1 (202) 375-0652","• CSC portal — Active as of 07/12/2026
• 2025 & 2026 ARs filed 04/22/2026
• Dept ID W25003013.",Filed 2026 — Current,7/14/2026,https://drive.google.com/file/d/1fDkbzHBvK5q-7rpfUukrarT1Kp4Fk5X0/view,
JHU-LLC-007,JHU,Entity-level,,"University GP, LLC",LLC Filing,04/15/2026,Good Standing,CSC portal — Active as of 07/12/2026,$0.00,"Dallas Basha
Partner – Business Operations
dallas@blakeworth.com
+1 (202) 375-0652","• CSC portal — Active as of 07/12/2026
• Dept ID W24982431.",Filed 2026 — Current,7/14/2026,https://drive.google.com/file/d/1-IBku8aHHm7WZyjUX0HpCaSrua7ftXdm/view,
JHU-LLC-008,JHU,Entity-level,,"Guilford Apartments, LLC",LLC Filing,04/15/2026,Good Standing,Active on SDAT — 2026 AR filed 06/23/2026,$0.00,"Dallas Basha
Partner – Business Operations
dallas@blakeworth.com
+1 (202) 375-0652","• Not in CSC Corp Tracker
• Active on SDAT
• 2026 AR filed 06/23/2026
• Dept ID W23150261.",Filed 2026 — Current,7/14/2026,https://drive.google.com/file/d/1u-34rDB2m993g5xjcGo7whQvplUI3_kf/view,
JHU-LLC-009,JHU,Entity-level,,"3106 N Calvert, LLC",LLC Filing,04/15/2026,Verify Status,Not in CSC — verify on SDAT,$300.00,"Dallas Basha
Partner – Business Operations
dallas@blakeworth.com
+1 (202) 375-0652","• Not in CSC Corp Tracker
• Status unverified
• Verify directly on SDAT
• Dept ID W22347819 (unconfirmed).",Filing Unconfirmed,7/14/2026,https://drive.google.com/file/d/1PGKu43x9erGRvoBtuWK2ZEr82jGrUlCK/view,
JHU-LLC-010,JHU,Entity-level,,"Soteira Partners, LLC",LLC Filing,04/15/2026,Filing Needed,Not in good standing — 2025 AR overdue (SDAT),$300.00,"Dallas Basha
Partner – Business Operations
dallas@blakeworth.com
+1 (202) 375-0652","• Not in CSC Corp Tracker
• Not in good standing per SDAT
• 2025 annual report overdue
• Dept ID W24687469.",Filing Required,7/14/2026,https://drive.google.com/file/d/1-IBku8aHHm7WZyjUX0HpCaSrua7ftXdm/view,
JHU-LLC-011,JHU,Entity-level,,"Abell St, LLC",LLC Filing,04/15/2026,Good Standing,CSC portal — Active as of 07/12/2026,$0.00,"Dallas Basha
Partner – Business Operations
dallas@blakeworth.com
+1 (202) 375-0652","• CSC portal — Active as of 07/12/2026
• 2025 AR filed 09/15/2025
• Dept ID W22347819.",Filed 2026 — Current,7/14/2026,https://drive.google.com/file/d/1vghTOyz9FJqCWj-dF09jI8zWbb1FHcTS/view,
JHU-LLC-012,JHU,Entity-level,,"Saint Paul St, LLC",LLC Filing,04/15/2026,Good Standing,Active on SDAT — 2026 AR filed 06/23/2026,$0.00,"Dallas Basha
Partner – Business Operations
dallas@blakeworth.com
+1 (202) 375-0652","• Not in CSC Corp Tracker
• Active on SDAT
• 2026 AR filed 06/23/2026
• Dept ID W22812804.",Filed 2026 — Current,7/14/2026,https://drive.google.com/file/d/1myrngYx8o4h96TAoa65h2w9dR9Eqw_B0/view,
JHU-LLC-013,JHU,Entity-level,,"3000 N Calvert St, LLC",LLC Filing,04/15/2026,Good Standing,Active on SDAT — 2026 AR filed 07/01/2026,$0.00,"Dallas Basha
Partner – Business Operations
dallas@blakeworth.com
+1 (202) 375-0652","• Not in CSC Corp Tracker
• Active on SDAT
• 2026 AR filed 07/01/2026.",Filed 2026 — Current,7/14/2026,https://drive.google.com/file/d/1NyaT07JUtfbOiMORZ_KdqmdQQNaA7wRB/view,
JHU-LLC-014,JHU,Entity-level,,"HWood Ventures, LLC",LLC Filing,04/15/2026,Verify Status,Not in CSC — status unverified,$300.00,"Dallas Basha
Partner – Business Operations
dallas@blakeworth.com
+1 (202) 375-0652","• Not in CSC Corp Tracker
• No filing doc on file
• Cannot confirm standing
• Verify directly on SDAT.",Filing Unconfirmed,7/14/2026,https://drive.google.com/file/d/1-IBku8aHHm7WZyjUX0HpCaSrua7ftXdm/view,
SLP-LLC-001,SLP,Entity-level,,"Fairview St, LLC",LLC Filing,09/30/2026,Reinstatement Required,Active-Dissolved — not in CSC (PA Corp),,"Dallas Basha
Partner – Business Operations
dallas@blakeworth.com
+1 (202) 375-0652","• Not in CSC Corp Tracker
• Active-Dissolved per PA Corp
• Annual report overdue
• Formal reinstatement may be required
• PA ID 7321903.",Reinstatement Required,7/14/2026,https://drive.google.com/file/d/1fPU43iisur5y7C5o2XZNUZShSH9i2Tt-/view,
SLP-LLC-002,SLP,Entity-level,,"Montclair Ave, LLC",LLC Filing,09/30/2026,Filing Needed,CSC portal — Active as of 07/12/2026,$7.00,"Dallas Basha
Partner – Business Operations
dallas@blakeworth.com
+1 (202) 375-0652","• CSC portal — Active as of 07/12/2026
• 2026 annual report overdue — file with PA
• PA ID 6804523.",Filing Required,7/14/2026,https://drive.google.com/file/d/1sWVtA4uCnwrtsiJrmw4_FEUmlKYmxP20/view,
SLP-LLC-003,SLP,Entity-level,,"101 S 3rd St, LLC",LLC Filing,09/30/2026,Good Standing,CSC portal — Active as of 07/12/2026,$0.00,"Dallas Basha
Partner – Business Operations
dallas@blakeworth.com
+1 (202) 375-0652","• CSC portal — Active as of 07/12/2026
• No overdue annual reports
• PA ID 6899379.",Filed 2026 — Current,7/14/2026,https://drive.google.com/file/d/16tRfw6PO0XVmWniXMj7EJTnFRC96V2ta/view,
SLP-LLC-004,SLP,Entity-level,,"114 W 4th St, LLC",LLC Filing,09/30/2026,Filing Needed,CSC portal — Active as of 07/12/2026,$7.00,"Dallas Basha
Partner – Business Operations
dallas@blakeworth.com
+1 (202) 375-0652","• CSC portal — Active as of 07/12/2026
• 2026 annual report overdue — file with PA
• PA ID 6871029.",Filing Required,7/14/2026,https://drive.google.com/file/d/1VsK4zHWiAJWxAlAbKa04W1me7VSlP6ud/view,
SLP-LLC-005,SLP,Entity-level,,"13 W Morton St, LLC",LLC Filing,09/30/2026,Filing Needed,CSC portal — Active as of 07/12/2026,$7.00,"Dallas Basha
Partner – Business Operations
dallas@blakeworth.com
+1 (202) 375-0652","• CSC portal — Active as of 07/12/2026
• 2026 annual report overdue — file with PA
• PA ID 6992504.",Filing Required,7/14/2026,https://drive.google.com/file/d/1gqTEmhfq522CFFeTGw7m84oeS4f4Vhjj/view,
SLP-LLC-006,SLP,Entity-level,,"2529 E 4th St, LLC",LLC Filing,09/30/2026,Filing Needed,CSC portal — Active as of 07/12/2026,$7.00,"Dallas Basha
Partner – Business Operations
dallas@blakeworth.com
+1 (202) 375-0652","• CSC portal — Active as of 07/12/2026
• 2026 annual report overdue — file with PA
• PA ID 6974707.",Filing Required,7/14/2026,https://drive.google.com/file/d/1eWNcTrYEFJV0tv1Riy5KInCwvYGGbr-T/view,
SLP-LLC-007,SLP,Entity-level,,"505 Thomas St, LLC",LLC Filing,09/30/2026,Filing Needed,CSC portal — Active as of 07/12/2026,$7.00,"Dallas Basha
Partner – Business Operations
dallas@blakeworth.com
+1 (202) 375-0652","• CSC portal — Active as of 07/12/2026
• 2026 annual report overdue — file with PA
• PA ID 7075894.",Filing Required,7/14/2026,https://drive.google.com/file/d/18ryZLCW4rQAKWe-iHZ7pyhYIQYya7_bT/view,
SLP-LLC-008,SLP,Entity-level,,"Packer Ave, LLC",LLC Filing,09/30/2026,Filing Needed,CSC portal — Active as of 07/12/2026,$7.00,"Dallas Basha
Partner – Business Operations
dallas@blakeworth.com
+1 (202) 375-0652","• CSC portal — Active as of 07/12/2026
• 2026 annual report overdue — file with PA
• PA ID 3568217.",Filing Required,7/14/2026,https://drive.google.com/file/d/1L9MDiQvsMubQBVr08khO4HNWDLxjMLkT/view,
SLP-LLC-009,SLP,Entity-level,,"Pierce St, LLC",LLC Filing,09/30/2026,Filing Needed,CSC portal — Active as of 07/12/2026,$7.00,"Dallas Basha
Partner – Business Operations
dallas@blakeworth.com
+1 (202) 375-0652","• CSC portal — Active as of 07/12/2026
• 2026 annual report overdue — file with PA
• PA ID 7315868.",Filing Required,7/14/2026,https://drive.google.com/file/d/1WWHfD52ttz08F9UHqRKdqVG5lJGsDYcs/view,
DC-LLC-001,DC,3538 6th St NW,,"3538 6th St Nw, LLC",LLC Filing,04/01/2024,Reinstatement Required,Revoked — biennial report not filed since 2024 — DC DLCP CorpOnline,,"Dallas Basha
Partner – Business Operations
dallas@blakeworth.com
+1 (202) 375-0652","• 3538 6TH ST NW, LLC (L00007787255) filed 08/31/2023
• Entity Status: Revoked
• Biennial report was Due - Not Filed; final deadline was 04/01/2024
• Registered agent is CSC Global (active)
• Organizer on file: Leigh-Alexandra Basha
• Revocation confirmed via DC DLCP CorpOnline on 07/16/2026
• Reinstatement required before rental license can be valid
• Source: corponline.dlcp.dc.gov",Reinstatement Required,7/14/2026,https://drive.google.com/file/d/1-utTvDdd5f1Xp7i8_e--hG4jSSoTZ0Xl/view?usp=drive_link,
HLD-DE-001,HOLDING,Entity-level,,"Basha Enterprises, LLC",LLC Filing,07/12/2026,Filing Needed,Cease Good Standing — CSC portal 07/12/2026,$507.50,"Dallas Basha
Partner – Business Operations
dallas@blakeworth.com
+1 (202) 375-0652","• CSC portal — Cease Good Standing as of 07/12/2026
• Delaware franchise tax outstanding
• Dallas to confirm payment
• DE File 7157623.",Filing Required,7/14/2026,https://drive.google.com/file/d/1OB5cql4GO84BZk-zrougoFo-ExxvbOa4/view,
HLD-DE-002,HOLDING,Entity-level,,"Basha Real Estate, LLC",LLC Filing,7/12/2026,Filing Needed,Cease Good Standing — CSC portal 07/12/2026,$507.50,"Dallas Basha
Partner – Business Operations
dallas@blakeworth.com
+1 (202) 375-0652","• CSC portal — Cease Good Standing as of 07/12/2026
• Delaware franchise tax outstanding
• Dallas to confirm payment
• DE File 7157433.",Filing Required,7/14/2026,https://drive.google.com/file/d/1OB5cql4GO84BZk-zrougoFo-ExxvbOa4/view,
HLD-DE-003,HOLDING,Entity-level,,"Blakeworth Management, LLC",LLC Filing,07/12/2026,Reinstatement Required,Cancelled — CSC portal 07/12/2026,$507.50,"Dallas Basha
Partner – Business Operations
dallas@blakeworth.com
+1 (202) 375-0652","• CSC portal — Cancelled as of 07/12/2026
• Entity inactive — payment of tax does not restore good standing
• Formal reinstatement required with DE Division of Corporations
• DE File 5653981.",Reinstatement Required,7/14/2026,https://drive.google.com/file/d/1OB5cql4GO84BZk-zrougoFo-ExxvbOa4/view,
HLD-DE-004,HOLDING,Entity-level,,"Blakeworth Properties, LLC",LLC Filing,07/12/2026,Filing Needed,Cease Good Standing — CSC portal 07/12/2026,$507.50,"Dallas Basha
Partner – Business Operations
dallas@blakeworth.com
+1 (202) 375-0652","• CSC portal — Cease Good Standing as of 07/12/2026
• Delaware franchise tax outstanding
• Dallas to confirm payment
• DE File 3138393.",Filing Required,7/14/2026,https://drive.google.com/file/d/1OB5cql4GO84BZk-zrougoFo-ExxvbOa4/view,
HLD-DE-005,HOLDING,Entity-level,,"Blakeworth, LLC",LLC Filing,07/12/2026,Filing Needed,Cease Good Standing — CSC portal 07/12/2026,$507.50,"Dallas Basha
Partner – Business Operations
dallas@blakeworth.com
+1 (202) 375-0652","• CSC portal — Cease Good Standing as of 07/12/2026
• Delaware franchise tax outstanding
• Dallas to confirm payment
• DE File 3073248.",Filing Required,7/14/2026,https://drive.google.com/file/d/1OB5cql4GO84BZk-zrougoFo-ExxvbOa4/view,
HLD-DE-006,HOLDING,Entity-level,,"DCSK GP, LLC",LLC Filing,07/12/2026,Filing Needed,Cease Good Standing — CSC portal 07/12/2026,$123.75,"Dallas Basha
Partner – Business Operations
dallas@blakeworth.com
+1 (202) 375-0652","• CSC portal — Cease Good Standing as of 07/12/2026
• Delaware franchise tax outstanding
• Dallas to confirm payment
• DE File 7585818.",Filing Required,7/14/2026,https://drive.google.com/file/d/1OB5cql4GO84BZk-zrougoFo-ExxvbOa4/view,
HLD-DE-007,HOLDING,Entity-level,,"Thg Portland, LLC",LLC Filing,07/12/2026,Reinstatement Required,Cancelled — CSC portal 07/12/2026,$247.50,"Dallas Basha
Partner – Business Operations
dallas@blakeworth.com
+1 (202) 375-0652","• CSC portal — Cancelled as of 07/12/2026
• Entity inactive — payment of tax does not restore good standing
• Formal reinstatement required with DE Division of Corporations
• DE File 7565891.",Reinstatement Required,7/14/2026,https://drive.google.com/file/d/1OB5cql4GO84BZk-zrougoFo-ExxvbOa4/view,
HLD-DE-008,HOLDING,Entity-level,,"Pinedale LP, LLC",LLC Filing,07/12/2026,Filing Needed,Cease Good Standing — CSC portal 07/12/2026,$507.50,"Dallas Basha
Partner – Business Operations
dallas@blakeworth.com
+1 (202) 375-0652","• CSC portal — Cease Good Standing as of 07/12/2026
• Delaware franchise tax outstanding
• Dallas to confirm payment
• DE File 10139442
• Separate CSC account.",Filing Required,7/14/2026,https://drive.google.com/file/d/1OB5cql4GO84BZk-zrougoFo-ExxvbOa4/view,
CSC-003,JHU,Entity-level,,"University Pkwy, LLC",Registered Agent,,Cleared,Invoice #84864561 — not confirmed paid or unpaid,$108.90,"Dallas Basha
Partner – Business Operations
dallas@blakeworth.com
+1 (202) 375-0652",CSC Invoice #84864561 — Paid via ACH on 2/14/2026. ,Cleared,7/14/2026,https://drive.google.com/file/d/1KIwk5nUTQUw0nyAsA7jy6CmCtZGT4DTb/view,
CSC-RA-16,HOLDING,Entity-level,,"Pinedale LP, LLC — CSC Account 8516082",Registered Agent,,,Separate CSC Account #8516082 — NOT confirmed paid,$348.08,"Dallas Basha
Partner – Business Operations
dallas@blakeworth.com
+1 (202) 375-0652","• Pinedale LP, LLC — CSC Account 8516082 (separate from main 8362966)
• $348.08 overdue (annual renewal $123.75 + File Direct $217.80 + finance charge $6.53)
• NOT on the 07/01/2026 ACH payment list
• Dallas to verify with CSC directly.",,7/14/2026,,
CSC-RA-01,HOLDING,Entity-level,,"Blakeworth Management, LLC",Registered Agent,02/09/2026,Cleared,Paid 07/01/2026 — ACH — Receipt EC-9750-9261727974,$108.90,"Dallas Basha
Partner – Business Operations
dallas@blakeworth.com
+1 (202) 375-0652","• CSC Invoice #84768023 — Paid via ACH on 07/01/2026
• Receipt: EC-9750-9261727974
• Confirmed via CSC payment portal 07/14/2026.",Cleared,7/14/2026,https://drive.google.com/file/d/1874963qfF3K6AQofNr7zu_ot60S7jv6o/view,
CSC-RA-02,JHU,Entity-level,,"3119 N Calvert, LLC",Registered Agent,03/16/2026,Overdue,CSC Invoice #84862328 — Unpaid as of 07/14/2026,$108.90,"Dallas Basha
Partner – Business Operations
dallas@blakeworth.com
+1 (202) 375-0652","• CSC Statutory Representation — Maryland
• Invoice #84862328, invoiced 2/14/2026, due 3/16/2026
• $108.90 unpaid — Account #8362966.",Overdue,7/14/2026,https://drive.google.com/file/d/18RVoUAqKfUOmNQTEwM_VEX-Uw98nvoyD/view,
CSC-RA-03,JHU,Entity-level,,"Woodrow Apartments, LLC",Registered Agent,03/16/2026,Overdue,CSC Invoice #84863305 — Unpaid as of 07/14/2026,$108.90,"Dallas Basha
Partner – Business Operations
dallas@blakeworth.com
+1 (202) 375-0652","• CSC Statutory Representation — Maryland
• Invoice #84863305, invoiced 2/14/2026, due 3/16/2026
• $108.90 unpaid — Account #8362966.",Overdue,7/14/2026,https://drive.google.com/file/d/1zhNd6To0RZQd1KxPb8dlz7C7rA4gkS9f/view,
CSC-RA-04,JHU,Entity-level,,"Woodrow GP, LLC",Registered Agent,03/16/2026,Overdue,CSC Invoice #84864316 — Unpaid as of 07/14/2026,$108.90,"Dallas Basha
Partner – Business Operations
dallas@blakeworth.com
+1 (202) 375-0652","• CSC acct 8362966 (Dallas Basha)
• Invoice 84864316 confirmed via PDF 7/13/2026
• State: MD
• Service period ends 3/31/2027.",Overdue,7/14/2026,https://drive.google.com/file/d/1WTj4quJZ-bAm428-eXcPvLzr6HplxrJr/view,
CSC-RA-05,JHU,Entity-level,,"University GP, LLC",Registered Agent,03/16/2026,Overdue,CSC Invoice #84863349 — Unpaid as of 07/14/2026,$108.90,"Dallas Basha
Partner – Business Operations
dallas@blakeworth.com
+1 (202) 375-0652","• CSC Statutory Representation — Maryland
• Invoice #84863349, invoiced 2/14/2026, due 3/16/2026
• $108.90 unpaid — Account #8362966.",Overdue,7/14/2026,https://drive.google.com/file/d/1oXM0Ps-8kMRtU9YWEARKaLnl9QF-SBS-/view,
CSC-RA-06,HOLDING,Entity-level,,"Basha Enterprises, LLC",Registered Agent,06/08/2026,Cleared,Paid 07/01/2026 — ACH — Receipt EC-1006-9261727982,$123.75,"Dallas Basha
Partner – Business Operations
dallas@blakeworth.com
+1 (202) 375-0652",CSC Invoice #85135047 — Paid via ACH on 07/01/2026. ,Cleared,7/14/2026,https://drive.google.com/file/d/1874963qfF3K6AQofNr7zu_ot60S7jv6o/view,
CSC-RA-07,SLP,Entity-level,,"Montclair Ave, LLC",Registered Agent,06/08/2026,Cleared,Paid 07/01/2026 — ACH — Receipt EC-1685-9261727980,$123.75,"Dallas Basha
Partner – Business Operations
dallas@blakeworth.com
+1 (202) 375-0652",CSC Invoice #85135344 — Paid via ACH on 07/01/2026. ,Cleared,7/14/2026,https://drive.google.com/file/d/1874963qfF3K6AQofNr7zu_ot60S7jv6o/view,
CSC-RA-08,SLP,Entity-level,,"13 W Morton St, LLC",Registered Agent,06/08/2026,Cleared,Paid 07/01/2026 — ACH — Receipt EC-4389-9261727962,$123.75,"Dallas Basha
Partner – Business Operations
dallas@blakeworth.com
+1 (202) 375-0652",CSC Invoice #85137903 — Paid via ACH on 07/01/2026.,Cleared,7/14/2026,https://drive.google.com/file/d/1874963qfF3K6AQofNr7zu_ot60S7jv6o/view,
CSC-RA-09,SLP,Entity-level,,"505 Thomas St, LLC",Registered Agent,06/08/2026,Cleared,Paid 07/01/2026 — ACH — Receipt EC-7577-9261727969,$123.75,"Dallas Basha
Partner – Business Operations
dallas@blakeworth.com
+1 (202) 375-0652",CSC Invoice #85137917 — Paid via ACH on 07/01/2026. ,Cleared,7/14/2026,https://drive.google.com/file/d/1874963qfF3K6AQofNr7zu_ot60S7jv6o/view,
CSC-RA-10,HOLDING,Entity-level,,"THG Portland, LLC",Registered Agent,06/08/2026,Overdue,CSC Invoice #85138147 — Unpaid as of 07/14/2026,$247.50,"Dallas Basha
Partner – Business Operations
dallas@blakeworth.com
+1 (202) 375-0652","• CSC Statutory Representation — Delaware
• Invoice #85138147, invoiced 5/9/2026, due 6/8/2026
• $247.50 unpaid — 36 days overdue
• ENTITY IS CANCELLED (see LLC_FILING — HLD-DE-007)
• Dallas to decide: (1) pay invoice to maintain CSC as registered agent, or (2) cancel CSC RA service since formal reinstatement is required regardless
• Account #8362966.",Overdue,7/14/2026,https://drive.google.com/file/d/1tJ2u28cpai-RwWW2ezsjN1dWSugGAS-W/view,
CSC-RA-11,SLP,Entity-level,,"101 S 3rd St, LLC",Registered Agent,06/08/2026,Cleared,Paid 07/01/2026 — ACH — Receipt EC-5285-9261727967,$123.75,"Dallas Basha
Partner – Business Operations
dallas@blakeworth.com
+1 (202) 375-0652",CSC Invoice #85138479 — Paid via ACH on 07/01/2026. ,Cleared,7/14/2026,https://drive.google.com/file/d/1874963qfF3K6AQofNr7zu_ot60S7jv6o/view,
CSC-RA-10,SLP,Entity-level,,"2529 E 4th St, LLC",Registered Agent,06/08/2026,Cleared,Paid 07/01/2026 — ACH — Receipt EC-4386-9261727965,$123.75,"Dallas Basha
Partner – Business Operations
dallas@blakeworth.com
+1 (202) 375-0652",CSC Invoice #85138731 — Paid via ACH on 07/01/2026. ,Cleared,7/14/2026,https://drive.google.com/file/d/1tJ2u28cpai-RwWW2ezsjN1dWSugGAS-W/view,
CSC-RA-13,SLP,Entity-level,,"Pierce St, LLC",Registered Agent,06/08/2026,Cleared,Paid 07/01/2026 — ACH — Receipt EC-9119-9261727991,$123.75,"Dallas Basha
Partner – Business Operations
dallas@blakeworth.com
+1 (202) 375-0652",CSC Invoice #85139221 — Paid via ACH on 07/01/2026. ,Cleared,7/14/2026,https://drive.google.com/file/d/1874963qfF3K6AQofNr7zu_ot60S7jv6o/view,
CSC-RA-14,HOLDING,Entity-level,,"DCSK GP, LLC",Registered Agent,06/08/2026,Overdue,CSC Invoice #85139386 — Unpaid as of 07/14/2026,$123.75,"Dallas Basha
Partner – Business Operations
dallas@blakeworth.com
+1 (202) 375-0652",CSC Invoice ##85139386 — Paid via ACH on 07/01/2026. ,Overdue,7/14/2026,https://drive.google.com/file/d/1Gurx02Se7_E3qB7DdSLCRecanTSvSvPE/view ,
CSC-RA-15,SLP,Entity-level,,"114 W 4th St, LLC",Registered Agent,06/08/2026,Cleared,Paid 07/01/2026 — ACH — Receipt EC-3568-9261727964,$123.75,"Dallas Basha
Partner – Business Operations
dallas@blakeworth.com
+1 (202) 375-0652",CSC Invoice #85139391 — Paid via ACH on 07/01/2026. ,Cleared,7/14/2026,https://drive.google.com/file/d/1874963qfF3K6AQofNr7zu_ot60S7jv6o/view,
DC-TAX-001,DC,3538 6th St NW,,"3538 6th St Nw, LLC",Property Tax,09/15/2026,Current,Paid — $0 due,$0.00,"Ramonia Hines 
Bluejay Property Management
Property Manager, DC Portfolio
ramonia@bluejaypm.com
+12409161038","• SSL 3033-0838
• Balance due: $0.00 balance
• Current assessed value: $1,631,990 (2026)
• Next payment due September 15, 2026 (2026 second half)
• Verified via MyTax DC on 07/16/2026
• Source: mytax.dc.gov",PAID,7/14/2026,https://drive.google.com/file/d/1tt77rN1-e25yoxihQXmGUmOFKobML1ZF/view?usp=sharing,
JHU-TAX-001,JHU,2920 Saint Paul St,,"Saint Paul St, LLC",Property Tax,08/30/2026,Current,Paid — $0 due,$0.00,"Patricia Weaver
President, Canton Management Company
patweaver@cantonmanagement.com
410-342-2205 ext 226",,PAID,7/14/2026,https://drive.google.com/file/d/1OHcII79PEXtuaol1lfiL-LEmGKi7LjYz/view,
JHU-TAX-003,JHU,3119 N Calvert St,,"3119 N Calvert St, LLC",Property Tax,08/30/2026,Current,Paid — $0 due,$0.00,"Steve Riegger
Property Manager, American Management
propertymanager@americanmanage.com
410.366.2100 ext 107",,PAID,7/14/2026,https://drive.google.com/file/d/1K2by0iBYaLGt0St4P1axv5wpDpU0gsdE/view,
JHU-TAX-004,JHU,232 E University Pkwy,,"University Pkwy, LLC",Property Tax,08/30/2026,Current,Paid — $0 due,$0.00,"Zachary Basha
Partner, University Pkwy, LLC
+12023043035",,PAID,7/14/2026,https://drive.google.com/file/d/1MzVI6NcT4CFy0v58XmDfa7cqWDN2iRUC/view,
JHU-TAX-005,JHU,300 E University Pkwy,,"Abell St, LLC",Property Tax,08/30/2026,Current,Paid — $0 due,$0.00,"Steve Riegger
Property Manager, American Management
propertymanager@americanmanage.com
410.366.2100 ext 107",,PAID,7/14/2026,https://drive.google.com/file/d/1xDgT74Z0wPBiUro9uYmri6AIp4AAolY4/view,
JHU-TAX-006,JHU,304 E University Pkwy,,"3000 N Calvert St, LLC",Property Tax,08/30/2026,Current,Paid — $0 due,$0.00,"Steve Riegger
Property Manager, American Management
propertymanager@americanmanage.com
410.366.2100 ext 107",,PAID,7/14/2026,https://drive.google.com/file/d/1Gy5hZEfxfL8RFga_mfpezA5V3bpfhqvm/view,
JHU-TAX-007,JHU,3401 Guilford Terr,,"Guilford Apartments, LLC",Property Tax,08/30/2026,"PAYMENT PLAN 
$2,084.97/mo",Overdue — FY25-26 installments unpaid,"$45,484.50","Patricia Weaver
President, Canton Management Company
patweaver@cantonmanagement.com
410-342-2205 ext 226","• Auto-deduct $2,084.97/mo
• Payment Plan is every 15th of the month
• 2026 Tax not calculated
• Need to update by 2027.","PAYMENT PLAN 
$2,084.97/mo",7/14/2026,https://drive.google.com/file/d/1SFkPFNmwwdxAX3XS4FesC0Uf0Ee4Ok_z/view,
JHU-TAX-008,JHU,300 E 30th St,,"Woodrow Apartments, LLC",Property Tax,08/30/2026,Current,Paid — $0 due,$0.00,"Steve Riegger
Property Manager, American Management
propertymanager@americanmanage.com
410.366.2100 ext 107",,PAID,7/14/2026,https://drive.google.com/file/d/1PZDMM2kBzIsWNnKVqAUmNRQ3DkMMArqF/view,
JHU-TAX-009,JHU,219 W 29th St,,"Abell St, LLC",Property Tax,08/30/2026,Current,"Paid — $452.83 cleared Jun 30, 2026",$0.00,"Steve Riegger
Property Manager, American Management
propertymanager@americanmanage.com
410.366.2100 ext 107","• Baltimore City Bureau of Revenue Collections — Alley and Footway lien paid in full
• Confirmation #2492187613
• ACH checking ****6031, Jun 30, 2026
• Account #23005-001741RA3650C014.",PAID,7/14/2026,https://drive.google.com/file/d/1y3Pqe1y4exhTYFt-__vbWJq_tb6j8Kge/view,
JHU-TAX-010,JHU,328 E 33rd St,,"Abell St, LLC",Property Tax,08/30/2026,Current,Paid — $0 due,$0.00,"Steve Riegger
Property Manager, American Management
propertymanager@americanmanage.com
410.366.2100 ext 107",,PAID,7/14/2026,https://drive.google.com/file/d/13Og-lwB0Rbx9wp0sdIAT26ewvJvEj2i2/view,
SLP-TAX-001,SLP,114 W 4th St,,"114 W 4TH ST, LLC",Property Tax,,Current,Paid — $0 due,$0.00,"Marjorie Feehan Roberts
Property Manager, 4Front Management
marjorie@4frontmgmt.com
c: 570-620-6107 · o: 484-222-0688",City of Bethlehem portal confirmed $0 balance as of 07/07/2026. ,PAID,7/14/2026,https://drive.google.com/file/d/1Ej0-bYqo0n7ofMHGCT08fQ7APeQchF4G/view,
SLP-TAX-002,SLP,13 W Morton St,,"13 W MORTON ST, LLC",Property Tax,,Current,Paid — $0 due,$0.00,"Marjorie Feehan Roberts
Property Manager, 4Front Management
marjorie@4frontmgmt.com
c: 570-620-6107 · o: 484-222-0688",City of Bethlehem portal confirmed $0 balance as of 07/07/2026. ,PAID,7/14/2026,https://drive.google.com/file/d/1OSImkMdOQRmdMwlDvo4QPykEeQm_63OV/view,
SLP-TAX-003,SLP,316 E 5th St,,PIERCE ST LLC,Property Tax,,Current,Paid — $0 due,$0.00,"Marjorie Feehan Roberts
Property Manager, 4Front Management
marjorie@4frontmgmt.com
c: 570-620-6107 · o: 484-222-0688",City of Bethlehem portal confirmed $0 balance as of 07/14/2026. ,PAID,7/14/2026,https://drive.google.com/file/d/11dPJdWaqfUYtpbYYdB4RgteZ8Y_rYgAn/view,
SLP-TAX-004,SLP,422 Pierce St,,2529 E 4TH ST LLC,Property Tax,,Current,Paid — $0 due,$0.00,"Marjorie Feehan Roberts
Property Manager, 4Front Management
marjorie@4frontmgmt.com
c: 570-620-6107 · o: 484-222-0688",City of Bethlehem portal confirmed $0 balance as of 07/07/2026. ,PAID,7/14/2026,https://drive.google.com/file/d/1Kh6JOV2huL7lLGnhf50aO97r5YiNYMwL/view,
SLP-TAX-005,SLP,424 Pierce St,,2529 E 4TH ST LLC,Property Tax,,Current,Paid — $0 due,$0.00,"Marjorie Feehan Roberts
Property Manager, 4Front Management
marjorie@4frontmgmt.com
c: 570-620-6107 · o: 484-222-0688",City of Bethlehem portal confirmed $0 balance as of 07/07/2026. ,PAID,7/14/2026,https://drive.google.com/file/d/1Kh6JOV2huL7lLGnhf50aO97r5YiNYMwL/view,
SLP-TAX-006,SLP,428 Montclair Ave,,2529 E 4TH ST LLC,Property Tax,,Current,Paid — $0 due,$0.00,"Marjorie Feehan Roberts
Property Manager, 4Front Management
marjorie@4frontmgmt.com
c: 570-620-6107 · o: 484-222-0688",City of Bethlehem portal confirmed $0 balance as of 07/07/2026. ,PAID,7/14/2026,https://drive.google.com/file/d/1Kh6JOV2huL7lLGnhf50aO97r5YiNYMwL/view,
SLP-TAX-007,SLP,430 Montclair Ave,,2529 E 4TH ST LLC,Property Tax,,Current,Paid — $0 due,$0.00,"Marjorie Feehan Roberts
Property Manager, 4Front Management
marjorie@4frontmgmt.com
c: 570-620-6107 · o: 484-222-0688",City of Bethlehem portal confirmed $0 balance as of 07/07/2026. ,PAID,7/14/2026,https://drive.google.com/file/d/1Kh6JOV2huL7lLGnhf50aO97r5YiNYMwL/view,
SLP-TAX-008,SLP,462 Carlton Ave,,2529 E 4TH ST LLC,Property Tax,,Current,Paid — $0 due,$0.00,"Marjorie Feehan Roberts
Property Manager, 4Front Management
marjorie@4frontmgmt.com
c: 570-620-6107 · o: 484-222-0688",City of Bethlehem portal confirmed $0 balance as of 07/07/2026. ,PAID,7/14/2026,https://drive.google.com/file/d/1Kh6JOV2huL7lLGnhf50aO97r5YiNYMwL/view,
SLP-TAX-009,SLP,505 Thomas St,,505 THOMAS ST LLC,Property Tax,,Current,Paid — $0 due,$0.00,"Marjorie Feehan Roberts
Property Manager, 4Front Management
marjorie@4frontmgmt.com
c: 570-620-6107 · o: 484-222-0688",City of Bethlehem portal confirmed $0 balance as of 07/07/2026. ,PAID,7/14/2026,https://drive.google.com/file/d/11wYI-DAk7BQErbbSZEpu-Z4FCLrJOsUk/view,
SLP-TAX-010,SLP,508 Selfridge St,,2529 E 4TH ST LLC,Property Tax,,Current,Paid — $0 due,$0.00,"Marjorie Feehan Roberts
Property Manager, 4Front Management
marjorie@4frontmgmt.com
c: 570-620-6107 · o: 484-222-0688",City of Bethlehem portal confirmed $0 balance as of 07/07/2026. ,PAID,7/14/2026,https://drive.google.com/file/d/1Kh6JOV2huL7lLGnhf50aO97r5YiNYMwL/view,
SLP-TAX-011,SLP,510 East Packer Ave,,2529 E 4TH ST LLC,Property Tax,,Current,Paid — $0 due,$0.00,"Marjorie Feehan Roberts
Property Manager, 4Front Management
marjorie@4frontmgmt.com
c: 570-620-6107 · o: 484-222-0688",City of Bethlehem portal confirmed $0 balance as of 07/07/2026. ,PAID,7/14/2026,https://drive.google.com/file/d/1Kh6JOV2huL7lLGnhf50aO97r5YiNYMwL/view,
SLP-TAX-012,SLP,526 E 5th St,,PIERCE ST LLC,Property Tax,,Current,Paid — $0 due,$0.00,"Marjorie Feehan Roberts
Property Manager, 4Front Management
marjorie@4frontmgmt.com
c: 570-620-6107 · o: 484-222-0688",City of Bethlehem portal confirmed $0 balance as of 07/14/2026. ,PAID,7/14/2026,https://drive.google.com/file/d/11dPJdWaqfUYtpbYYdB4RgteZ8Y_rYgAn/view,
SLP-TAX-013,SLP,527 E Packer Ave,,PIERCE ST LLC,Property Tax,,Current,Paid — $0 due,$0.00,"Marjorie Feehan Roberts
Property Manager, 4Front Management
marjorie@4frontmgmt.com
c: 570-620-6107 · o: 484-222-0688",City of Bethlehem portal confirmed $0 balance as of 07/14/2026. ,PAID,7/14/2026,https://drive.google.com/file/d/11dPJdWaqfUYtpbYYdB4RgteZ8Y_rYgAn/view,
SLP-TAX-014,SLP,528 E 5th St,,PIERCE ST LLC,Property Tax,,Current,Paid — $0 due,$0.00,"Marjorie Feehan Roberts
Property Manager, 4Front Management
marjorie@4frontmgmt.com
c: 570-620-6107 · o: 484-222-0688",City of Bethlehem portal confirmed $0 balance as of 07/14/2026. ,PAID,7/14/2026,https://drive.google.com/file/d/11dPJdWaqfUYtpbYYdB4RgteZ8Y_rYgAn/view,
SLP-TAX-015,SLP,571 Hillside Ave,,505 THOMAS ST LLC,Property Tax,,Current,Paid — $0 due,$0.00,"Marjorie Feehan Roberts
Property Manager, 4Front Management
marjorie@4frontmgmt.com
c: 570-620-6107 · o: 484-222-0688",City of Bethlehem portal confirmed $0 balance as of 07/07/2026. ,PAID,7/14/2026,https://drive.google.com/file/d/11wYI-DAk7BQErbbSZEpu-Z4FCLrJOsUk/view,
SLP-TAX-017,SLP,608 Pierce St,,PACKER AVE LLC,Property Tax,,Current,Paid — $0 due,$0.00,"Marjorie Feehan Roberts
Property Manager, 4Front Management
marjorie@4frontmgmt.com
c: 570-620-6107 · o: 484-222-0688",City of Bethlehem portal confirmed $0 balance as of 07/07/2026. ,PAID,7/14/2026,https://drive.google.com/file/d/1QAUd49P1NACiqVtwwgwwi8fgv0LCcvQB/view,
SLP-TAX-018,SLP,610 Pierce St,,PACKER AVE LLC,Property Tax,,Current,Paid — $0 due,$0.00,"Marjorie Feehan Roberts
Property Manager, 4Front Management
marjorie@4frontmgmt.com
c: 570-620-6107 · o: 484-222-0688",City of Bethlehem portal confirmed $0 balance as of 07/07/2026. ,PAID,7/14/2026,https://drive.google.com/file/d/1QAUd49P1NACiqVtwwgwwi8fgv0LCcvQB/view,
SLP-TAX-019,SLP,612 Pierce St,,PIERCE ST LLC,Property Tax,,Current,Paid — $0 due,$0.00,"Marjorie Feehan Roberts
Property Manager, 4Front Management
marjorie@4frontmgmt.com
c: 570-620-6107 · o: 484-222-0688",City of Bethlehem portal confirmed $0 balance as of 07/14/2026. ,PAID,7/14/2026,https://drive.google.com/file/d/11dPJdWaqfUYtpbYYdB4RgteZ8Y_rYgAn/view,
SLP-TAX-020,SLP,614 Pierce St,,PIERCE ST LLC,Property Tax,,Current,Paid — $0 due,$0.00,"Marjorie Feehan Roberts
Property Manager, 4Front Management
marjorie@4frontmgmt.com
c: 570-620-6107 · o: 484-222-0688",City of Bethlehem portal confirmed $0 balance as of 07/14/2026. ,PAID,7/14/2026,https://drive.google.com/file/d/11dPJdWaqfUYtpbYYdB4RgteZ8Y_rYgAn/view,
SLP-TAX-021,SLP,616 Pierce St,,PIERCE ST LLC,Property Tax,,Current,Paid — $0 due,$0.00,"Marjorie Feehan Roberts
Property Manager, 4Front Management
marjorie@4frontmgmt.com
c: 570-620-6107 · o: 484-222-0688",City of Bethlehem portal confirmed $0 balance as of 07/14/2026. ,PAID,7/14/2026,https://drive.google.com/file/d/11dPJdWaqfUYtpbYYdB4RgteZ8Y_rYgAn/view,
SLP-TAX-022,SLP,618 Pierce St,,PIERCE ST LLC,Property Tax,,Current,Paid — $0 due,$0.00,"Marjorie Feehan Roberts
Property Manager, 4Front Management
marjorie@4frontmgmt.com
c: 570-620-6107 · o: 484-222-0688",City of Bethlehem portal confirmed $0 balance as of 07/14/2026. ,PAID,7/14/2026,https://drive.google.com/file/d/11dPJdWaqfUYtpbYYdB4RgteZ8Y_rYgAn/view,
SLP-TAX-023,SLP,620 Pierce St,,PIERCE ST LLC,Property Tax,,Current,Paid — $0 due,$0.00,"Marjorie Feehan Roberts
Property Manager, 4Front Management
marjorie@4frontmgmt.com
c: 570-620-6107 · o: 484-222-0688",City of Bethlehem portal confirmed $0 balance as of 07/14/2026. ,PAID,7/14/2026,https://drive.google.com/file/d/11dPJdWaqfUYtpbYYdB4RgteZ8Y_rYgAn/view,
SLP-TAX-024,SLP,621 Parkhill St,,2529 E 4TH ST LLC,Property Tax,,Current,Paid — $0 due,$0.00,"Marjorie Feehan Roberts
Property Manager, 4Front Management
marjorie@4frontmgmt.com
c: 570-620-6107 · o: 484-222-0688",City of Bethlehem portal confirmed $0 balance as of 07/07/2026. ,PAID,7/14/2026,https://drive.google.com/file/d/1Kh6JOV2huL7lLGnhf50aO97r5YiNYMwL/view,
SLP-TAX-025,SLP,623 Parkhill St,,2529 E 4TH ST LLC,Property Tax,,Current,Paid — $0 due,$0.00,"Marjorie Feehan Roberts
Property Manager, 4Front Management
marjorie@4frontmgmt.com
c: 570-620-6107 · o: 484-222-0688",City of Bethlehem portal confirmed $0 balance as of 07/07/2026. ,PAID,7/14/2026,https://drive.google.com/file/d/1Kh6JOV2huL7lLGnhf50aO97r5YiNYMwL/view,
SLP-TAX-016,SLP,573 Hillside Ave,,505 THOMAS ST LLC,Property Tax,,Current,Paid — $0 due,$0.00,"Marjorie Feehan Roberts
Property Manager, 4Front Management
marjorie@4frontmgmt.com
c: 570-620-6107 · o: 484-222-0688",City of Bethlehem portal confirmed $0 balance as of 07/07/2026. ,PAID,7/14/2026,https://drive.google.com/file/d/11wYI-DAk7BQErbbSZEpu-Z4FCLrJOsUk/view,
DC-LIC-001,DC,3538 6th St NW,,3538 Parkwood Flats,Rental License,07/31/2027,Active — Monitor For Renewal,Active — DC Scout / DLCP - Expiration: 07/31/2027,$0.00,"Ramonia Hines 
Bluejay Property Management
Property Manager, DC Portfolio
ramonia@bluejaypm.com
+12409161038","• License #500117000045
• License shows Active in Scout as of 07/16/2026
• ⚠️ Flag: The holding LLC (L00007787255) is Revoked per DLCP CorpOnline — biennial report was never filed, deadline was 04/01/2024
• Recommend confirming with DLCP whether a revoked LLC can maintain a valid BBL, and whether reinstatement is required before next renewal
• Verified via DC Scout on 07/16/2026
• Source: scout.dcra.dc.gov",Active — Monitor For Renewal,7/1/2026,https://drive.google.com/file/d/113GGww60ln5yUVAksI_dWaF3hijig9ub/view?usp=drive_link,
JHU-LIC-001,JHU,219 W 29th St,,219 W 29th St,Rental License,05/13/2028,Licensed,Licensed — expires May 13 2028,$0.00,"Steve Riegger
Property Manager, American Management
propertymanager@americanmanage.com
410.366.2100 ext 107","• License #L-518968
• Managing agent: American Management LLC
• Licensed — expires May 13 2028",Licensed,7/1/2026,https://drive.google.com/file/d/1en6lHlE9j2k1ASeX5AUwgwEO55xksoDT/view,
JHU-LIC-002,JHU,304 E University Pkwy,,"3000 N Calvert St, LLC",Rental License,04/28/2028,Licensed,Licensed — expires Apr 28 2028,$0.00,"Steve Riegger
Property Manager, American Management
propertymanager@americanmanage.com
410.366.2100 ext 107","• License #L-518802
• Managing agent: American Management LLC
• Licensed — expires Apr 28 2028",Licensed,7/1/2026,https://drive.google.com/file/d/14oPtoqlSOAddhp-Vfaf721wZ54o5zOUj/view,
JHU-LIC-003,JHU,3119 N Calvert St,,"3119 N Calvert St, LLC",Rental License,03/26/2027,Licensed,Licensed — expires Mar 26 2027,$0.00,"Steve Riegger
Property Manager, American Management
propertymanager@americanmanage.com
410.366.2100 ext 107","• License #172121
• Managing agent: American Management LLC
• Licensed — expires Mar 26 2027",Licensed,7/1/2026,https://drive.google.com/file/d/1Uvnq_pMmdl_yxzD3zUHv6M_L9-a_kcVT/view,
JHU-LIC-004,JHU,232 E University Pkwy,,"University Pkwy, LLC",Rental License,05/15/2027,Licensed,Licensed — expires May 15 2027,$0.00,"Zachary Basha
Partner, University Pkwy, LLC
+12023043035","• License #174269
• Managing agent: American Management LLC
• Licensed — expires May 15 2027",Licensed,7/1/2026,https://drive.google.com/file/d/1ZBTA5lk5VoIE_iBrzxFxFV_q1nMsYoGb/view,
JHU-LIC-005,JHU,300 E University Pkwy,,"Abell St, LLC",Rental License,06/12/2026,REVOKED,License REVOKED by DHCD — obtain new license,$0.00,"Steve Riegger
Property Manager, American Management
propertymanager@americanmanage.com
410.366.2100 ext 107","• License 173602 revoked by DHCD Jun 12 2026 — new license required immediately
• Managing agent: American Management LLC.",REVOKED,7/1/2026,https://drive.google.com/file/d/1EPPMWArbywNKFkrJHabVIc40KNNaFM82/view,
JHU-LIC-006,JHU,2920 Saint Paul St,,"Saint Paul St, LLC",Rental License,,Registration Only,Registration only — no rental license on file,$0.00,"Patricia Weaver
President, Canton Management Company
patweaver@cantonmanagement.com
410-342-2205 ext 226","• License #R165361
• Managing agent: American Management LLC
• Registration only — no rental license on file",Registration Only,7/1/2026,https://drive.google.com/file/d/16SzfG6yk_DzO2RlSbyVfnGA41UbVGxOZ/view,
JHU-LIC-007,JHU,3401 Guilford Terr,,"Guilford Apartments, LLC",Rental License,08/15/2028,Licensed,Licensed — expires Aug 15 2028,$0.00,"Patricia Weaver
President, Canton Management Company
patweaver@cantonmanagement.com
410-342-2205 ext 226","• License #L-514221 / R177322
• Managing agent: American Management LLC
• Licensed — expires Aug 15 2028",Licensed,7/1/2026,https://drive.google.com/file/d/1O2n4S4AYJ1vrbA2xYzs5vn0OUj62Kk-k/view,
JHU-LIC-008,JHU,300 E 30th St,,"Woodrow Apartments, LLC",Rental License,,Registration Only,Registration only — no rental license on file,$0.00,"Steve Riegger
Property Manager, American Management
propertymanager@americanmanage.com
410.366.2100 ext 107","• License #R170393
• Managing agent: American Management LLC
• Registration only — no rental license on file",Registration Only,7/1/2026,https://drive.google.com/file/d/16t1m2SjLEV-8vvoatjUc980g1oMptgCC/view,
JHU-LIC-009,JHU,328 E 33rd St,,"Abell St, LLC",Rental License,09/19/2026,Renew Soon,Licensed — expires Sep 19 2026 (renew soon),$0.00,"Steve Riegger
Property Manager, American Management
propertymanager@americanmanage.com
410.366.2100 ext 107","• License #160976
• Managing agent: American Management LLC
• Licensed — expires Sep 19 2026 (renew soon)",Renew Soon,7/1/2026,https://drive.google.com/file/d/1yyRF0O_9e9rpTKjLb3bbMU4LcZzqP3rW/view,
SLP-LIC-001,SLP,430 Montclair Ave,,2529 E 4th St LLC,Rental License,,Unpaid,City of Bethlehem — unpaid balance,$20.00,"Marjorie Feehan Roberts
Property Manager, 4Front Management
marjorie@4frontmgmt.com
c: 570-620-6107 · o: 484-222-0688",Invoice unpaid as of 07/07/2026. ,Unpaid,7/16/2026,https://drive.google.com/file/d/18vzebsSKNi0HTfEbmDdHhUhlm0wsO0Dx/view,
SLP-LIC-002,SLP,422 Pierce St,Unit 1,2529 E 4th St LLC,Rental License,,Unpaid,City of Bethlehem — unpaid balance,$10.00,"Marjorie Feehan Roberts
Property Manager, 4Front Management
marjorie@4frontmgmt.com
c: 570-620-6107 · o: 484-222-0688",Invoice unpaid as of 07/07/2026. ,Unpaid,7/16/2026,https://drive.google.com/file/d/1sKsXRQ_ayX_Hv62BJfJYUI3WuSkjW3zC/view,
SLP-LIC-003,SLP,424 Pierce St,Unit 2,2529 E 4th St LLC,Rental License,,Licensed,City of Bethlehem — $0 balance,$0.00,"Marjorie Feehan Roberts
Property Manager, 4Front Management
marjorie@4frontmgmt.com
c: 570-620-6107 · o: 484-222-0688",Confirmed $0 balance as of 07/14/2026. ,Licensed,7/16/2026,https://drive.google.com/file/d/1sKsXRQ_ayX_Hv62BJfJYUI3WuSkjW3zC/view,
SLP-LIC-004,SLP,462 Carlton Ave,Unit 1,2529 E 4th St LLC,Rental License,,Unpaid,City of Bethlehem — Unpaid balance,$500.00,"Marjorie Feehan Roberts
Property Manager, 4Front Management
marjorie@4frontmgmt.com
c: 570-620-6107 · o: 484-222-0688",Invoice unpaid as of 07/07/2026. ,Unpaid,7/16/2026,https://drive.google.com/file/d/14GiCM-apey938anDGUHb9G_GBVRBapuI/view,
SLP-LIC-005,SLP,462 Carlton Ave,Unit 2,2529 E 4th St LLC,Rental License,,Licensed,City of Bethlehem — $0 balance,$0.00,"Marjorie Feehan Roberts
Property Manager, 4Front Management
marjorie@4frontmgmt.com
c: 570-620-6107 · o: 484-222-0688",Confirmed $0 balance as of 07/14/2026. ,Licensed,7/16/2026,https://drive.google.com/file/d/14GiCM-apey938anDGUHb9G_GBVRBapuI/view,
SLP-LIC-006,SLP,505 Thomas St,Unit 1,505 Thomas St LLC,Rental License,,Unpaid,City of Bethlehem — unpaid balance,$10.00,"Marjorie Feehan Roberts
Property Manager, 4Front Management
marjorie@4frontmgmt.com
c: 570-620-6107 · o: 484-222-0688",Invoice unpaid as of 07/07/2026. ,Unpaid,7/16/2026,https://drive.google.com/file/d/1yOj-EWacmp1m8aISDCAj9Rs2prAuymCh/view,
SLP-LIC-007,SLP,505 Thomas St,Unit 2,505 Thomas St LLC,Rental License,,Licensed,City of Bethlehem — $0 balance,$0.00,"Marjorie Feehan Roberts
Property Manager, 4Front Management
marjorie@4frontmgmt.com
c: 570-620-6107 · o: 484-222-0688",Confirmed $0 balance as of 07/14/2026. ,Licensed,7/16/2026,https://drive.google.com/file/d/1yOj-EWacmp1m8aISDCAj9Rs2prAuymCh/view,
SLP-LIC-008,SLP,505 Thomas St,Unit 3,505 Thomas St LLC,Rental License,,Licensed,City of Bethlehem — $0 balance,$0.00,"Marjorie Feehan Roberts
Property Manager, 4Front Management
marjorie@4frontmgmt.com
c: 570-620-6107 · o: 484-222-0688",Confirmed $0 balance as of 07/14/2026. ,Licensed,7/16/2026,https://drive.google.com/file/d/1yOj-EWacmp1m8aISDCAj9Rs2prAuymCh/view,
SLP-LIC-009,SLP,505 Thomas St,Unit 4,505 Thomas St LLC,Rental License,,Unpaid,City of Bethlehem — unpaid balance,$300.00,"Marjorie Feehan Roberts
Property Manager, 4Front Management
marjorie@4frontmgmt.com
c: 570-620-6107 · o: 484-222-0688",Invoice unpaid as of 07/07/2026. ,Unpaid,7/16/2026,https://drive.google.com/file/d/1Paf8EYhucF9HaBfuvimUxKGIs-GzdyPZ/view,
SLP-LIC-010,SLP,571 Hillside Ave,,505 Thomas St LLC,Rental License,,Unpaid,City of Bethlehem — unpaid balance,$170.00,"Marjorie Feehan Roberts
Property Manager, 4Front Management
marjorie@4frontmgmt.com
c: 570-620-6107 · o: 484-222-0688",Two open invoices: $150 + $20 = $170 as of 07/07/2026. ,Unpaid,7/16/2026,https://drive.google.com/file/d/1chVaADX_tEXuo-ZSTwRkeEJyqs5B2aik/view,
SLP-LIC-011,SLP,527 E Packer Ave,,Pierce St LLC,Rental License,,Unpaid,City of Bethlehem — unpaid balance,$10.00,"Marjorie Feehan Roberts
Property Manager, 4Front Management
marjorie@4frontmgmt.com
c: 570-620-6107 · o: 484-222-0688",Invoice unpaid as of 07/07/2026. ,Unpaid,7/16/2026,https://drive.google.com/file/d/1NWmDpWWMdTCdL8HwDyOQwJNJAEE3C_jC/view,
SLP-LIC-012,SLP,608 Pierce St,Commercial,Packer Ave LLC,Rental License,,Unpaid,City of Bethlehem — unpaid balance,$325.00,"Marjorie Feehan Roberts
Property Manager, 4Front Management
marjorie@4frontmgmt.com
c: 570-620-6107 · o: 484-222-0688",Invoice unpaid as of 07/07/2026. ,Unpaid,7/16/2026,https://drive.google.com/file/d/1rRvAQkSS9mGWYWrJpgdNZlPQlt_Z_wX9/view,
SLP-LIC-013,SLP,610 Pierce St,,Packer Ave LLC,Rental License,,Unpaid,City of Bethlehem — unpaid balance,$10.00,"Marjorie Feehan Roberts
Property Manager, 4Front Management
marjorie@4frontmgmt.com
c: 570-620-6107 · o: 484-222-0688",Two open invoices: $28.99 + $10.00 = $38.99 as of 07/07/2026.,Unpaid,7/16/2026,https://drive.google.com/file/d/1ggsf38q96IPHQMteRqTauXLr8IQIyi_o/view,
SLP-LIC-014,SLP,612 Pierce St,Unit 1,Pierce St LLC,Rental License,,Unpaid,City of Bethlehem — unpaid balance,$75.00,"Marjorie Feehan Roberts
Property Manager, 4Front Management
marjorie@4frontmgmt.com
c: 570-620-6107 · o: 484-222-0688",Invoice unpaid as of 07/07/2026. ,Unpaid,7/16/2026,https://drive.google.com/file/d/1qnRnvUD9e2selPGnSRe8m4VXFA0d2fgR/view,
SLP-LIC-015,SLP,612 Pierce St,Unit 2,Pierce St LLC,Rental License,,Licensed,City of Bethlehem — $0 balance,$0.00,"Marjorie Feehan Roberts
Property Manager, 4Front Management
marjorie@4frontmgmt.com
c: 570-620-6107 · o: 484-222-0688",Confirmed $0 balance as of 07/14/2026. ,Licensed,7/16/2026,https://drive.google.com/file/d/1qnRnvUD9e2selPGnSRe8m4VXFA0d2fgR/view,
SLP-LIC-016,SLP,316 E 5th St,,Pierce St LLC,Rental License,,Cleared,City of Bethlehem — $0 balance,$0.00,"Marjorie Feehan Roberts
Property Manager, 4Front Management
marjorie@4frontmgmt.com
c: 570-620-6107 · o: 484-222-0688",Confirmed $0 balance as of 07/14/2026. ,Cleared,7/16/2026,https://drive.google.com/file/d/11dPJdWaqfUYtpbYYdB4RgteZ8Y_rYgAn/view,
SLP-LIC-017,SLP,424 Pierce St,,2529 E 4th St LLC,Rental License,,Cleared,City of Bethlehem — $0 balance,$0.00,"Marjorie Feehan Roberts
Property Manager, 4Front Management
marjorie@4frontmgmt.com
c: 570-620-6107 · o: 484-222-0688",Confirmed $0 balance as of 07/14/2026. ,Cleared,7/16/2026,https://drive.google.com/file/d/1Kh6JOV2huL7lLGnhf50aO97r5YiNYMwL/view,
SLP-LIC-018,SLP,428 Montclair Ave,,2529 E 4th St LLC,Rental License,,Cleared,City of Bethlehem — $0 balance,$0.00,"Marjorie Feehan Roberts
Property Manager, 4Front Management
marjorie@4frontmgmt.com
c: 570-620-6107 · o: 484-222-0688",Confirmed $0 balance as of 07/14/2026. ,Cleared,7/16/2026,https://drive.google.com/file/d/1Kh6JOV2huL7lLGnhf50aO97r5YiNYMwL/view,
SLP-LIC-019,SLP,508 Selfridge St,,2529 E 4th St LLC,Rental License,,Cleared,City of Bethlehem — $0 balance,$0.00,"Marjorie Feehan Roberts
Property Manager, 4Front Management
marjorie@4frontmgmt.com
c: 570-620-6107 · o: 484-222-0688",Confirmed $0 balance as of 07/14/2026. ,Cleared,7/16/2026,https://drive.google.com/file/d/1Kh6JOV2huL7lLGnhf50aO97r5YiNYMwL/view,
SLP-LIC-020,SLP,510 E Packer Ave,,2529 E 4th St LLC,Rental License,,Cleared,City of Bethlehem — $0 balance,$0.00,"Marjorie Feehan Roberts
Property Manager, 4Front Management
marjorie@4frontmgmt.com
c: 570-620-6107 · o: 484-222-0688",Confirmed $0 balance as of 07/14/2026. ,Cleared,7/16/2026,https://drive.google.com/file/d/1Kh6JOV2huL7lLGnhf50aO97r5YiNYMwL/view,
SLP-LIC-021,SLP,526 E 5th St,,Pierce St LLC,Rental License,,Cleared,City of Bethlehem — $0 balance,$0.00,"Marjorie Feehan Roberts
Property Manager, 4Front Management
marjorie@4frontmgmt.com
c: 570-620-6107 · o: 484-222-0688",Confirmed $0 balance as of 07/14/2026. ,Cleared,7/16/2026,https://drive.google.com/file/d/11dPJdWaqfUYtpbYYdB4RgteZ8Y_rYgAn/view,
SLP-LIC-022,SLP,528 E 5th St,,Pierce St LLC,Rental License,,Cleared,City of Bethlehem — $0 balance,$0.00,"Marjorie Feehan Roberts
Property Manager, 4Front Management
marjorie@4frontmgmt.com
c: 570-620-6107 · o: 484-222-0688",Confirmed $0 balance as of 07/14/2026. ,Cleared,7/16/2026,https://drive.google.com/file/d/11dPJdWaqfUYtpbYYdB4RgteZ8Y_rYgAn/view,
SLP-LIC-023,SLP,573 Hillside Ave,,505 Thomas St LLC,Rental License,,Cleared,City of Bethlehem — $0 balance,$0.00,"Marjorie Feehan Roberts
Property Manager, 4Front Management
marjorie@4frontmgmt.com
c: 570-620-6107 · o: 484-222-0688","• Confirmed $0 balance as of 07/07/2026
• Same parcel/account as 571 Hillside.",Cleared,7/16/2026,https://drive.google.com/file/d/11wYI-DAk7BQErbbSZEpu-Z4FCLrJOsUk/view,
SLP-LIC-024,SLP,614 Pierce St,,Pierce St LLC,Rental License,,Cleared,City of Bethlehem — $0 balance,$0.00,"Marjorie Feehan Roberts
Property Manager, 4Front Management
marjorie@4frontmgmt.com
c: 570-620-6107 · o: 484-222-0688",$10 balance on 07/07; cleared by 07/14/2026 per account summary. ,Cleared,7/16/2026,https://drive.google.com/file/d/11dPJdWaqfUYtpbYYdB4RgteZ8Y_rYgAn/view,
SLP-LIC-025,SLP,616 Pierce St,,Pierce St LLC,Rental License,,Cleared,City of Bethlehem — $0 balance,$0.00,"Marjorie Feehan Roberts
Property Manager, 4Front Management
marjorie@4frontmgmt.com
c: 570-620-6107 · o: 484-222-0688",Confirmed $0 balance as of 07/14/2026. ,Cleared,7/16/2026,https://drive.google.com/file/d/11dPJdWaqfUYtpbYYdB4RgteZ8Y_rYgAn/view,
SLP-LIC-026,SLP,618 Pierce St,,Pierce St LLC,Rental License,,Cleared,City of Bethlehem — $0 balance,$0.00,"Marjorie Feehan Roberts
Property Manager, 4Front Management
marjorie@4frontmgmt.com
c: 570-620-6107 · o: 484-222-0688",Confirmed $0 balance as of 07/14/2026. ,Cleared,7/16/2026,https://drive.google.com/file/d/11dPJdWaqfUYtpbYYdB4RgteZ8Y_rYgAn/view,
SLP-LIC-027,SLP,620 Pierce St,,Pierce St LLC,Rental License,,Cleared,City of Bethlehem — $0 balance,$0.00,"Marjorie Feehan Roberts
Property Manager, 4Front Management
marjorie@4frontmgmt.com
c: 570-620-6107 · o: 484-222-0688",Confirmed $0 balance as of 07/14/2026. ,Cleared,7/16/2026,https://drive.google.com/file/d/11dPJdWaqfUYtpbYYdB4RgteZ8Y_rYgAn/view,
SLP-LIC-028,SLP,621 Parkhill St,,2529 E 4th St LLC,Rental License,,Cleared,City of Bethlehem — $0 balance,$0.00,"Marjorie Feehan Roberts
Property Manager, 4Front Management
marjorie@4frontmgmt.com
c: 570-620-6107 · o: 484-222-0688",Confirmed $0 balance as of 07/14/2026. ,Cleared,7/16/2026,https://drive.google.com/file/d/1Kh6JOV2huL7lLGnhf50aO97r5YiNYMwL/view,
SLP-LIC-029,SLP,623 Parkhill St,,2529 E 4th St LLC,Rental License,,Cleared,City of Bethlehem — $0 balance,$0.00,"Marjorie Feehan Roberts
Property Manager, 4Front Management
marjorie@4frontmgmt.com
c: 570-620-6107 · o: 484-222-0688",Confirmed $0 balance as of 07/14/2026. ,Cleared,7/16/2026,https://drive.google.com/file/d/1Kh6JOV2huL7lLGnhf50aO97r5YiNYMwL/view,
JHU-MDE-001,JHU,232 E UNIVERSITY PKWY,1,"University Pkwy, LLC",Lead Paint,08/01/2026,Valid,Lead certificate valid,,"Zachary Basha
Partner, University Pkwy, LLC
+12023043035","• Current
• 2 years lease
• Need new lead certification for August 2027",Valid,7/15/2026,,
JHU-MDE-002,JHU,300 E UNIVERSITY PKWY,4,"Abell St, LLC",Lead Paint,08/01/2026,Verify — CM,4 Units MDE — MDE inspections outstanding,,"Steve Riegger
Property Manager, American Management
propertymanager@americanmanage.com
410.366.2100 ext 107",Need to coordinate with Property Manager before August move-in.,Verify — CM,7/15/2026,,
JHU-MDE-003,JHU,304 E UNIVERSITY PKWY,6,"3000 N Calvert St, LLC",Lead Paint,08/01/2027,Valid,Lead certificate valid,,"Steve Riegger
Property Manager, American Management
propertymanager@americanmanage.com
410.366.2100 ext 107","• Current
• 2 years lease
• Need new lead certification for August 2027",Valid,7/15/2026,,
JHU-MDE-004,JHU,328 E 33RD ST,5,"Abell St, LLC",Lead Paint,08/01/2027,Valid,Lead certificate valid,,"Steve Riegger
Property Manager, American Management
propertymanager@americanmanage.com
410.366.2100 ext 107","• Current
• 2 years lease
• Need new lead certification for August 2027",Valid,7/15/2026,,
JHU-MDE-005,JHU,3119 N CALVERT ST,2,"3119 N Calvert St, LLC",Lead Paint,08/01/2027,Valid,Lead certificate valid,,"Steve Riegger
Property Manager, American Management
propertymanager@americanmanage.com
410.366.2100 ext 107","• Current
• 2 years lease
• Need new lead certification for August 2027",Valid,7/15/2026,,
JHU-MDE-006,JHU,2920 SAINT PAUL ST,7,"Saint Paul St, LLC",Lead Paint,08/01/2026,Verify — AM,7 Units MDE — MDE inspections outstanding,,"Patricia Weaver
President, Canton Management Company
patweaver@cantonmanagement.com
410-342-2205 ext 226","• Under Renovation
• Not Rented! Need to coordinate with Property Manager before August move-in.",Verify — AM,7/15/2026,,
JHU-MDE-007,JHU,219 W 29TH ST,1,219 W 29th St,Lead Paint,08/01/2027,Valid,Lead certificate valid,,"Steve Riegger
Property Manager, American Management
propertymanager@americanmanage.com
410.366.2100 ext 107","• Current
• Extended lease
• Need new lead certification for August 2027",Valid,7/15/2026,,
JHU-MDE-008,JHU,WOODROW APARTMENTS (300 E 30th St),18,"Woodrow Apartments, LLC",Lead Paint,08/01/2026,Verify — AM,18 Units MDE — MDE inspections outstanding,,"Steve Riegger
Property Manager, American Management
propertymanager@americanmanage.com
410.366.2100 ext 107",Need to coordinate with Property Manager before August move-in.,Verify — AM,7/15/2026,,
JHU-MDE-009,JHU,GUILFORD APARTMENTS (3401 Guilford Terr),24,"Guilford Apartments, LLC",Lead Paint,08/01/2026,Verify — CM,12 of 24 units — MDE inspections outstanding,,"Patricia Weaver
President, Canton Management Company
patweaver@cantonmanagement.com
410-342-2205 ext 226",Need to coordinate with Property Manager before August move-in.,Verify — CM,7/15/2026,,
JHU-Violation-001,JHU,328 E 33rd St,,"Abell St, LLC",Violation,07/09/2026,Cleared,"Environmental citation — due Jul 9, triples if unpaid",$50.00,"Steve Riegger
Property Manager, American Management
propertymanager@americanmanage.com
410.366.2100 ext 107","• Baltimore City DHCD bulk-trash citation #57949471.
• Pay $50 by Jul 9, 2026 or fine triples to $150.
• Abatement was due Jun 19 — confirm trash removed.",Cleared,7/2/2026,https://drive.google.com/file/d/1-xEkHaVJAz7AeGWGZw4KMjqNB7ae6K23/view?usp=drive_link,
JHU-Violation-002,JHU,328 E 33rd St,,"Abell St, LLC",Violation,07/04/2025,Violation,Environmental citation — high grass and weeds; balance outstanding after partial payment,$25.00,"Steve Riegger
Property Manager, American Management
propertymanager@americanmanage.com
410.366.2100 ext 107","• Baltimore City DHCD citation #57484958 (high grass and weeds).
• Issued 05/28/25, due 07/04/25.
• Original fine $50; $50 paid 08/19/25; balance of $25 still outstanding — confirm reason and resolve.",Open Violation,,https://drive.google.com/file/d/10dWvwyBKZAQZ4Gjy4ktgJTCdHPHjrg-n/view,
JHU-Violation-003,JHU,2920 Saint Paul St,,"Saint Paul St, LLC",Violation,07/24/2025,Violation,"Environmental citations — high grass and weeds, 2 open balances",$600.00,"Patricia Weaver
President, Canton Management Company
patweaver@cantonmanagement.com
410-342-2205 ext 226","• Baltimore City DHCD citations for high grass and weeds:
• #57547473 (violation date 07/24/25, balance $300)
• #57506404 (violation date 06/23/25, balance $300)
• Combined outstanding balance $600.",Open Violation,,https://drive.google.com/file/d/1r4LYfqLywCG97bXbP_JpF4WuH0WBle8K/view,
JHU-Violation-005,JHU,232 E University Pkwy,,"University Pkwy, LLC",Violation,05/30/2025,Violation,"Environmental citations — high grass/weeds and bulk trash, 3 open balances",$450.00,"Zachary Basha
Partner, University Pkwy, LLC
+12023043035","• Baltimore City DHCD citations:
• #57489858 (high grass and weeds, violation date 05/30/25, $150)
• #57448920 (bulk trash, violation date 04/25/25, $150)
• #57448912 (high grass and weeds, violation date 04/25/25, $150)
• Combined outstanding balance $450.",Open Violation,,https://drive.google.com/file/d/1NKQN5t1MBxeFriLX2bFgy3H2TgLpXhrl/view,
JHU-Violation-006,JHU,300 E University Pkwy,,"Abell St, LLC",Violation,11/03/2025,Violation,"Environmental & licensing citations — unsafe structure and unlicensed rental, 2 open balances","$3,015.00","Steve Riegger
Property Manager, American Management
propertymanager@americanmanage.com
410.366.2100 ext 107","• Baltimore City DHCD citations:
• #57685869 (failed to abate unsafe structure notice and order, violation date 11/03/25, balance $2,000)
• #57640435 (failed to obtain rental dwelling license, violation date 09/30/25, balance $1,015; ECB hearing requested, scheduled 03/09/26, status LU)
• Combined outstanding balance $3,015.
• Rental license #173602 for this property was also revoked by DHCD — new license required immediately.",Open Violation,,https://drive.google.com/file/d/1dlbNTcNWsf58W-2rGEgrwSXqJ1_K-L72/view,
JHU-INS-001,JHU,219 W 29TH ST,,"ABELL ST, LLC",INSURANCE,02/18/2027,Active,"Direct Email - Lily, Statefarm Agent. ","$2,238.00","Rhea Baker / Lily
Agent, Statefarm-Baltimore
lily.balbi.vabyjt@statefarm.com
703-847-6880","• Policy Number: 90-E0-J912-0
• Effective Date: 2/18/2026
• Expiration Date: 2/18/2027
• Coverage A – Dwelling: $632,500
• Dwelling Extension: $63,250
• Loss of Rents: Actual Loss
• Liability Per Occurrence: $1,000,000
• Liability Annual Aggregate: $2,000,000
• Medical Per Person: $10,000
• Basic Deductible: 1% ($6,325)
• Annual Premium: $2,238.00
• Mortgage: Univest Bank and Trust Co",Active,7/15/2025,https://drive.google.com/file/d/1UhrNmPmhDRhCOWwLQUAmxqBoAzM3VpN3/view?usp=sharing,
JHU-INS-002,JHU,304 E UNIVERSITY PKWY,,"3000 N CALVERT ST, LLC",INSURANCE,10/13/2026,Active,"Direct Email - Lily, Statefarm Agent. ",,"Rhea Baker / Lily
Agent, Statefarm-Baltimore
lily.balbi.vabyjt@statefarm.com
703-847-6880","• Policy Number: 90-EX-F480-2
• Effective Date: 10/13/2025
• Expiration Date: 10/13/2026
• Coverage A – Dwelling: $524,000
• Dwelling Extension: $52,400
• Loss of Rents: Actual Loss
• Liability Per Occurrence: $1,000,000
• Liability Annual Aggregate: $2,000,000
• Medical Per Person: $10,000
• Basic Deductible: 1% ($5,240)
• Annual Premium: TBD
• Mortgage: None",Active,7/15/2025,https://drive.google.com/file/d/1-DS8HAV_vwbt9C1iG-iVByOg-ydVmqWG/view,
JHU-INS-003,JHU,328 E 33RD ST,,"ABELL ST, LLC",INSURANCE,03/13/2027,Active,"Direct Email - Lily, Statefarm Agent. ","$1,839.00","Rhea Baker / Lily
Agent, Statefarm-Baltimore
lily.balbi.vabyjt@statefarm.com
703-847-6880","• Policy Number: 90-EU-Q677-6
• Effective Date: 3/13/2026
• Expiration Date: 3/13/2027
• Coverage A – Dwelling: $508,200
• Dwelling Extension: $50,820
• Loss of Rents: Actual Loss
• Liability Per Occurrence: $1,000,000
• Liability Annual Aggregate: $2,000,000
• Medical Per Person: $10,000
• Basic Deductible: 1% ($5,082)
• Annual Premium: $1,839
• Mortgage: Univest Bank and Trust Co (Loan No: 132606674)",Active,7/15/2025,https://drive.google.com/file/d/1UhYZOQtMwFbnPKIOM2UiN1-wueXH0mOR/view,
JHU-INS-004,JHU,232 E UNIVERSITY PKWY,,"UNIVERSITY PKWY, LLC",INSURANCE,,No Active Insurance,No Active Insurance,,"Rhea Baker / Lily
Agent, Statefarm-Baltimore
lily.balbi.vabyjt@statefarm.com
703-847-6880",TBD,No Active Insurance,7/15/2025,,
JHU-INS-005,JHU,300 E UNIVERSITY PKWY,,"ABELL ST, LLC",INSURANCE,,No Active Insurance,No Active Insurance,,"Rhea Baker / Lily
Agent, Statefarm-Baltimore
lily.balbi.vabyjt@statefarm.com
703-847-6880",TBD,No Active Insurance,7/15/2025,,
JHU-INS-006,JHU,3119 N CALVERT ST,,"3119 N CALVERT ST, LLC",INSURANCE,04/17/2026,Active,"Direct Email - Lily, Statefarm Agent. ","$1,538.01","Rhea Baker / Lily
Agent, Statefarm-Baltimore
lily.balbi.vabyjt@statefarm.com
703-847-6880","• Policy Number: 90-EV-S021-2
• Effective Date: April 17, 2026
• Expiration Date: April 17, 2027
• Coverage A (Dwelling): $411,800
• Loss of Rents: Actual Loss
• Deductible: 1.00% ($4,118)
• Premium: $1,538.006
• Mortgagee: Not listed in the policy document",Active,7/11/2025,https://drive.google.com/file/d/1-ep2Y4urQlYHxgaSE9feCBWRWemyjkUQ/view?usp=sharing,
JHU-INS-007,JHU,2920 SAINT PAUL ST,,"2529 SAINT PAUL ST, LLC",INSURANCE,04/04/2027,Active,Direct Email from Heller Kowitz,"$5,751.00","Fran Moore
Heller Kowitz Insurance Advisors
fran@hellerkowitz.com
443-501-0178","• Policy Number: CP 1826912C
• Effective Date: 04/04/2026
• Expiration Date: 04/04/2027
• Coverage A: $600,000
• Loss of Rents: Not Listed
• Deductible: $1,000
• Premium: $5,751.00 ($5,158 property + $593 liability)
• Mortgagee: Spring Garden Lending Baltimore, LLC",Active,7/11/2025,https://drive.google.com/file/d/1ykNlDWQwuPwd72BfmrNGYiQ0vOcCckOT/view?usp=sharing,
JHU-INS-008,JHU,WOODROW APARTMENTS,,"WOODROW APARTMENTS, LLC",INSURANCE,06/28/2027,Active,Direct Email from Jesse,"$14,793.00","Jesse Uhlman Broker
Broker, KIG/MDP Insurance
jesse-uhlman@mdpins.com
443-974-7482","• Policy Number: 1119M58121
• Effective Date: 06/28/2026
• Expiration Date: 06/28/2027
• Coverage A – Dwelling (Building Limit): $4,387,304
• Dwelling Extension: Includes an Extended Replacement Cost Endorsement of 25% of the building limit ($1,096,826).
• Loss of Rents: Actual Loss Sustained
• Liability Per Occurrence: $1,000,000
• Liability Annual Aggregate: $2,000,000
• Medical Per Person: $5,000
• Basic Deductible: $10,000
• Annual Premium: $14,793
• Mortgage: ABL RPC Residential Credit Acquisition LLC",Active,7/23/2025,CPKG - Woodrow Policy,
JHU-INS-009,JHU,GUILFORD APARTMENTS,,"GUILFORD APARTMENTS, LLC",INSURANCE,10/07/2026,Active,Direct Email from Jesse,"$12,221.00","Jesse Uhlman Broker
Broker, KIG/MDP Insurance
jesse-uhlman@mdpins.com
443-974-7482","• Policy Number: 1119M45937
• Effective Date: 10/07/2025
• Expiration Date: 10/07/2026
• Coverage A – Dwelling (Building Limit): $4,663,859
• Dwelling Extension: The policy includes an Extended Replacement Cost Endorsement of 25% of the building limit ($1,165,964.75).
• Loss of Rents: Actual Loss Sustained
• Liability Per Occurrence: $1,000,000
• Liability Annual Aggregate: $2,000,000
• Medical Per Person: $5,000
• Basic Deductible: $10,000
• Annual Premium: $12,221
• Mortgage: Univest Bank and Trust Co. ",Active,7/23/2025,CPKG - Guilford Policy,
SLP-INS-001,SLP,510 E PACKER AVE,,"2529 E 4TH ST, LLC",INSURANCE,03/05/2027,Active,Statefarm Account,$618.00,"Tom French
Agent, Statefarm-Bethlehem
tom.french.qugq@statefarm.com
610-725-8700","• Policy Number: 98-E7-A391-8
• Effective Date: 3/5/2026
• Expiration Date: 3/5/2027
• Coverage A: $246,300
• Loss of Rents: Actual Loss
• Deductible: 2.00%
• Premium: $618.00
• Mortgagee: UNIVEST BANK AND TRUST CO  ",Active,7/15/2025,https://drive.google.com/file/d/1yS-VUEaBRNEpLG2CqdQBdcT3-cVTEQwd/view,
SLP-INS-002,SLP,428 MONTCLAIR AVE,,"2529 E 4TH ST, LLC",INSURANCE,03/05/2027,Active,Statefarm Account,$618.00,"Tom French
Agent, Statefarm-Bethlehem
tom.french.qugq@statefarm.com
610-725-8700","• Policy Number: 98-E7-A398-3
• Effective Date: 3/5/2026
• Expiration Date: 3/5/2027
• Coverage A: $246,300
• Loss of Rents: Actual Loss
• Deductible: 2.00%
• Premium: $618.00
• Mortgagee: UNIVEST BANK AND TRUST CO  ",Active,7/15/2025,https://drive.google.com/file/d/1fNHZOCmb5kz34grDltQaXjrCwILQ5JsP/view,
SLP-INS-003,SLP,508 SELFRIDGE ST,,"2529 E 4TH ST, LLC",INSURANCE,03/05/2027,Active,Statefarm Account,$618.00,"Tom French
Agent, Statefarm-Bethlehem
tom.french.qugq@statefarm.com
610-725-8700","• Policy Number: 98-E7-A394-4
• Effective Date: 3/5/2026
• Expiration Date: 3/5/2027
• Coverage A: $246,300
• Loss of Rents: Actual Loss
• Deductible: 2.00%
• Premium: $618.00
• Mortgagee: UNIVEST BANK AND TRUST CO  ",Active,7/15/2025,https://drive.google.com/file/d/136ytr_8B92ArGPbbKheV5tK_-WH9oliL/view,
SLP-INS-004,SLP,430 MONTCLAIR AVE,,"2529 E 4TH ST, LLC",INSURANCE,03/05/2027,Active,Statefarm Account,$618.00,"Tom French
Agent, Statefarm-Bethlehem
tom.french.qugq@statefarm.com
610-725-8700","• Policy Number: 98-E7-A400-9
• Effective Date: 3/5/2026
• Expiration Date: 3/5/2027
• Coverage A: $246,300
• Loss of Rents: Actual Loss
• Deductible: 2.00%
• Premium: $618.00
• Mortgagee: UNIVEST BANK AND TRUST CO  ",Active,7/15/2025,https://drive.google.com/file/d/16v9F61UuIFqKhiuDVLKACVyY5SVAtll2/view,
SLP-INS-005,SLP,462 CARLTON AVE,,"2529 E 4TH ST, LLC",INSURANCE,03/05/2027,Active,Statefarm Account,$664.00,"Tom French
Agent, Statefarm-Bethlehem
tom.french.qugq@statefarm.com
610-725-8700","• Policy Number: 98-E7-A406-2
• Effective Date: 3/5/2026
• Expiration Date: 3/5/2027
• Coverage A: $246,300
• Loss of Rents: Actual Loss
• Deductible: 2.00%
• Premium: $664.00
• Mortgagee: UNIVEST BANK AND TRUST CO  ",Active,7/15/2025,https://drive.google.com/file/d/110HADyDTEXAgCzVmIVXmqx6rMWXv3op1/view,
SLP-INS-006,SLP,623 PARKHILL ST,,"2529 E 4TH ST, LLC",INSURANCE,05/03/2027,Active,Statefarm Account,$551.00,"Tom French
Agent, Statefarm-Bethlehem
tom.french.qugq@statefarm.com
610-725-8700","• Policy Number: 98-GG-J174-0
• Effective Date: 5/3/2026
• Expiration Date: 5/3/2027
• Coverage A: $210,500
• Loss of Rents: Actual Loss
• Deductible: 2.00%
• Premium: $551.00
• Mortgagee: UNIVEST BANK AND TRUST CO",Active,7/15/2025,https://drive.google.com/file/d/1hOd_eOjUFZgpqswIdV9zCHr5n6OJ2pb8/view,
SLP-INS-007,SLP,422-424 PIERCE ST,,"2529 E 4TH ST, LLC",INSURANCE,04/30/2027,Active,Statefarm Account,"$3,053.00","Tom French
Agent, Statefarm-Bethlehem
tom.french.qugq@statefarm.com
610-725-8700","• Policy Number: 98-E8-H544-3
• Effective Date: 4/30/2026
• Expiration Date: 4/30/2027
• Coverage A: $716,800
• Loss of Rents: Actual Loss
• Deductible: $5,000
• Premium: $3,053.00
• Mortgagee: UNIVEST BANK AND TRUST CO  ",Active,7/15/2025,https://drive.google.com/file/d/1ugPU8gTazH05EtsqVyHBARigppQ9Rxlh/view,
SLP-INS-008,SLP,316 E 5TH ST,,"PIERCE ST, LLC",INSURANCE,12/03/2026,Active,Statefarm Account,$583.00,"Tom French
Agent, Statefarm-Bethlehem
tom.french.qugq@statefarm.com
610-725-8700","• Policy Number: 98-GC-X177-4
• Effective Date: 12/3/2024
• Expiration Date: 12/3/2025
• Coverage A: $176,300
• Loss of Rents: Actual Loss
• Deductible: 1%
• Premium: $583
• Mortgagee: Univest Bank and Trust Co",Active,7/15/2025,https://drive.google.com/file/d/1xuOudgDu2HOeCXMDhO4ZorKMK5mzJ71G/view,
SLP-INS-009,SLP,526 E 5TH ST,,"PIERCE ST, LLC",INSURANCE,12/29/2026,Active,Statefarm Account,$653.00,"Tom French
Agent, Statefarm-Bethlehem
tom.french.qugq@statefarm.com
610-725-8700","• Policy Number: 98-GD-G380-6
• Effective Date: 12/29/2024
• Expiration Date: 12/29/2025
• Coverage A: $209,900
• Loss of Rents: Actual Loss
• Deductible: 1%
• Premium: $653
• Mortgagee: Univest Bank and Trust Co .",Active,7/15/2025,https://drive.google.com/file/d/18ohtyhtG45xqDk7F2bz5prIWtzNg93Tk/view,
SLP-INS-010,SLP,527 E PACKER AVE,,"PIERCE ST, LLC",INSURANCE,09/05/2027,Active,Statefarm Account,$857.00,"Tom French
Agent, Statefarm-Bethlehem
tom.french.qugq@statefarm.com
610-725-8700","• Policy Number: 98-GY-P077-3
• Effective Date: 9/5/2025
• Expiration Date: 9/5/2026
• Coverage A: $307,900
• Loss of Rents: Actual Loss
• Deductible: 1%
• Premium: $857
• Mortgagee: First Northern Bank & Trust",Active,7/15/2025,https://drive.google.com/file/d/13vfYcqmK0Z-vpzCeiNgnCVXbeImReAW0/view,
SLP-INS-011,SLP,612 PIERCE ST,,"PIERCE ST, LLC",INSURANCE,09/05/2027,Active,Statefarm Account,$898.00,"Tom French
Agent, Statefarm-Bethlehem
tom.french.qugq@statefarm.com
610-725-8700","• Policy Number: 98-GY-P106-6
• Effective Date: 9/5/2025
• Expiration Date: 9/5/2026
• Coverage A: $360,600
• Loss of Rents: Actual Loss
• Deductible: 1%
• Premium: $898
• Mortgagee: First Northern Bank & Trust",Active,7/15/2025,https://drive.google.com/file/d/1PKIN98Bmf5L0SNQ_h86QA_pCFY64PD5u/view,
SLP-INS-012,SLP,614 PIERCE ST,,"PIERCE ST, LLC",INSURANCE,07/01/2027,Active,Statefarm Account,$756.00,"Tom French
Agent, Statefarm-Bethlehem
tom.french.qugq@statefarm.com
610-725-8700","• Policy Number: 98-E9-X471-8
• Effective Date: 7/1/2025
• Expiration Date: 7/1/2026
• Coverage A: $255,500
• Loss of Rents: Actual Loss
• Deductible: 1%
• Premium: $756
• Mortgagee: Univest Bank and Trust Co .",Active,7/15/2025,https://drive.google.com/file/d/1kid8thblWSYPOdkQFaCjJd2Ermwz6K5O/view,
SLP-INS-013,SLP,616 PIERCE ST,,"PIERCE ST, LLC",INSURANCE,07/01/2027,Active,Statefarm Account,$756.00,"Tom French
Agent, Statefarm-Bethlehem
tom.french.qugq@statefarm.com
610-725-8700","• Policy Number: 98-E9-X469-4
• Effective Date: 7/1/2025
• Expiration Date: 7/1/2026
• Coverage A: $255,500
• Loss of Rents: Actual Loss
• Deductible: 1%
• Premium: $756
• Mortgagee: Univest Bank and Trust Co .",Active,7/15/2025,https://drive.google.com/file/d/1UIHXakz4Bv5L78sNKUX-BbyH0iqLmY-R/view,
SLP-INS-014,SLP,618 PIERCE ST,,"PIERCE ST, LLC",INSURANCE,09/05/2027,Active,Statefarm Account,"$1,237.00","Tom French
Agent, Statefarm-Bethlehem
tom.french.qugq@statefarm.com
610-725-8700","• Policy Number: 98-GY-P101-5
• Effective Date: 9/5/2025
• Expiration Date: 9/5/2026
• Coverage A: $537,700
• Loss of Rents: Actual Loss
• Deductible: 1%
• Premium: $1,237
• Mortgagee: First Northern Bank & Trust",Active,7/15/2025,https://drive.google.com/file/d/1EWX6j-D3CnyVuFIOYCy_gpx6D4PgoLvz/view,
SLP-INS-019,SLP,620 PIERCE ST,,"PIERCE ST, LLC",INSURANCE,09/05/2027,Active,Statefarm Account,"$1,237.00","Tom French
Agent, Statefarm-Bethlehem
tom.french.qugq@statefarm.com
610-725-8700","• Policy Number: 98-GY-P100-3
• Effective Date: 9/5/2025
• Expiration Date: 9/5/2026
• Coverage A: $537,700
• Loss of Rents: Actual Loss
• Deductible: 1%
• Premium: $1,237.00
• Mortgagee: FIRST NORTHERN BANK & TRUST",Active,7/15/2025,https://drive.google.com/file/d/1URpiesM5A6x3xbpi8q-T8LLPAsGpaZ-a/view,
SLP-INS-020,SLP,528 E 5TH ST,,"PIERCE ST, LLC",INSURANCE,12/29/2026,Active,Statefarm Account,$696.00,"Tom French
Agent, Statefarm-Bethlehem
tom.french.qugq@statefarm.com
610-725-8700","• Policy Number: 98-GQ-E197-5
• Effective Date: 12/30/2025
• Expiration Date: 12/30/2026
• Coverage A: $1,101,700
• Loss of Rents: Actual Loss
• Deductible: 1%
• Premium: $2,743.00
• Mortgagee: UNIVEST BANK AND TRUST CO",Active,7/15/2025,https://drive.google.com/file/d/1A6qPHs09W8ZszJRSLgAocznmUAiFvXxf/view,
SLP-INS-015,SLP,608 PIERCE ST,,"PACKER AVE, LLC",INSURANCE,12/30/2026,Active,Statefarm Account,"$2,743.00","Tom French
Agent, Statefarm-Bethlehem
tom.french.qugq@statefarm.com
610-725-8700","• Policy Number: 98-GQ-E197-5
• Effective Date: 12/30/2025
• Expiration Date: 12/30/2026
• Coverage A: $1,101,700
• Loss of Rents: Actual Loss
• Deductible: 1.00%
• Premium: $2,743.00
• Mortgagee: UNIVEST BANK AND TRUST CO",Active,7/15/2025,https://drive.google.com/file/d/1bjczpwNyXXmhVpym6a_lDYhXXH82N75I/view,
SLP-INS-016,SLP,610 PIERCE ST,,"PACKER AVE, LLC",INSURANCE,12/30/2026,Active,Statefarm Account,$705.00,"Tom French
Agent, Statefarm-Bethlehem
tom.french.qugq@statefarm.com
610-725-8700","• Policy Number: 98-GQ-E208-0
• Effective Date: DEC 30 2025
• Expiration Date: DEC 30 2026
• Coverage A: $243,000
• Loss of Rents: Actual Loss
• Deductible: 1.00%
• Premium: $705.00
• Mortgagee: UNIVEST BANK AND TRUST CO",Active,7/15/2025,,
SLP-INS-017,SLP,571 HILLSIDE AVE,,"505 THOMAS ST, LLC",INSURANCE,06/27/2027,Active,Statefarm Account,$690.00,"Tom French
Agent, Statefarm-Bethlehem
tom.french.qugq@statefarm.com
610-725-8700","• Policy Number: 98-E1-E188-9
• Effective Date: JUN 27 2026
• Expiration Date: JUN 27 2027
• Coverage A: $248,000
• Loss of Rents: Actual Loss
• Deductible: 1.00%
• Premium: $690.00
• Mortgagee: AMERICAN BANK",Active,7/15/2025,,
SLP-INS-018,SLP,505 THOMAS ST,,"505 THOMAS ST, LLC",INSURANCE,06/27/2027,Active,Statefarm Account,"$2,895.00","Tom French
Agent, Statefarm-Bethlehem
tom.french.qugq@statefarm.com
610-725-8700","• Policy Number: 98-E1-E190-3
• Effective Date: JUN 27 2026
• Expiration Date: JUN 27 2027
• Coverage A: $528,200
• Loss of Rents: Actual Loss Sustained 12 Months
• Deductible: $5,000
• Premium: $2,895.00
• Mortgagee: AMERICAN BANK",Active,7/15/2025,,
SLP-INS-021,SLP,621 PARKHILL ST,,2529 E 4TH ST LLC,INSURANCE,03/05/2027,Active,Statefarm Account,$573.00,"Tom French
Agent, Statefarm-Bethlehem
tom.french.qugq@statefarm.com
610-725-8700","• Policy Number: 98-E7-A389-4
• Effective Date: MAR 05 2026
• Expiration Date: MAR 05 2027
• Coverage A: $221,800
• Loss of Rents: Actual Loss
• Deductible: 2.00%
• Premium: $573.00
• Mortgagee: UNIVEST BANK AND TRUST CO",Active,7/15/2025,,